Repórter,Pauta,Editoria,Data
Paula Bulka Durães,Um dia com Nilson Chaves,Cidadania e Direitos,13/06/2026
Bárbara Ferreira,o que considerar quando escolher o personal para 50+,,16/06/2026
Bianca Bibiano,Como aparecer bem em uma chamada de video,Tecnologia,22/06/2026
Bárbara Ferreira,o que candidatos fizeram pelos idosos nos EStados,,25/06/2026
Cláudio Marques,Vida depois do crachá,Carreira e Educação,25/06/2026
Emanuele Almeida,Junho vermelho doação de sangue - 2 retrancas,Saúde e Bem Estar,26/06/2026
Felipe Cavalheiro,Como se proteger das smart tags,,26/06/2026
Adriana del Ré,Silvia Pfiffer - entrevista 14/06,Cultura e Lazer,30/06/2026
Bianca Bibiano,Comprimido para cancer de pancreas,Saúde e Bem Estar,30/06/2026
Emanuele Almeida,Diário doador,Saúde e Bem Estar,30/06/2026
Emanuele Almeida,academias públicas -  acesso ao exercício físico,Saúde e Bem Estar,30/06/2026
Felipe Cavalheiro,Crise na Gol Pro,,30/06/2026
Bianca Bibiano,Criação de associação de canabis para idosos,Saúde e Bem Estar,01/07/2026
Adriana del Ré,Disco da Madonna,Cultura e Lazer,02/07/2026
Alexandre Barreto,Vestidos floridos das mulheres 60+ estilista + corte costura,,02/07/2026
Bianca Bibiano,Meiloma multiplo,Saúde e Bem Estar,02/07/2026
Alessandra Taraborelli,Turismo de padaria,Estilo de Vida,03/07/2026
Bianca Bibiano,Qual país da Copa se envelhece menor,Saúde e Bem Estar,03/07/2026
Cláudio Marques,Marronzinhos que são 50+,Carreira e Educação,03/07/2026
Cláudio Marques,LinkedIn - cursos de IA procura ,,03/07/2026
Marcel Naves,Domingo prazo limite para fiscalizador de eleições,,03/07/2026
Adriana del Ré,Paola Oliveira - filme de terror,Cultura e Lazer,06/07/2026
Bárbara Ferreira,Influencers idosos - cozinha e fitness,,06/07/2026
Adriana del Ré,Como nasceu o Dia do Rock,Cultura e Lazer,13/07/2026
Adriana del Ré,Momentos marcantes do Rock,Cultura e Lazer,13/07/2026
Adriana del Ré,Candlelight,Cultura e Lazer,13/07/2026
Bianca Bibiano,Excursão de ônibus: tudo o que você precisa saber antes de viajar,Estilo de Vida,06/07/2026
,,,
Bianca Bibiano,Saude do trabalho - NR1 saúde mental com dados do INSS ,Saúde e Bem Estar,06/07/2026
Alessandra Taraborelli,Dia Internacional do Chocolate,Estilo de Vida,07/07/2026
Bianca Bibiano,Burnout,Saúde e Bem Estar,07/07/2026
,,,
Bianca Bibiano,Julho verde - cancer de cabeça e pescoço,Saúde e Bem Estar,07/07/2026
Bianca Bibiano,Medicamento menopausa sem hormonio,Saúde e Bem Estar,08/07/2026
Alessandra Taraborelli,Meu primeiro voo de balão,Estilo de Vida,09/07/2026
Bianca Bibiano,Esportes categoria Master - o que é e como funciona no mundo e Brasil,Esportes,10/07/2026
Bianca Bibiano,Médico mostra o que ajuda a reduzir declínio cognitivo e Alzheimer,Saúde e Bem Estar,10/07/2026
Bianca Bibiano,"Check-up cardiológico deve considerar idade, histórico familiar e fatores de risco",Saúde e Bem Estar,10/07/2026
Emanuele Almeida,Por que meu 5g não funciona,Tecnologia,10/07/2026
Emanuele Almeida,Tatuadores há mais 50 anos ,Estilo de Vida,10/07/2026
Paula Bulka Durães,Venezuela/Médico Sem Fronteiras,Cidadania e Direitos,10/07/2026
Pedro Marques,Dia da Pizza,Estilo de Vida,10/07/2026
Alessandra Taraborelli,Cicloturismo,Estilo de Vida,13/07/2026
Emanuele Almeida,Tatuador 1,Estilo de Vida,11/07/2026
Emanuele Almeida,Tatuador 2,Estilo de Vida,11/07/2026
Emanuele Almeida,5G não pega,Tecnologia,11/07/2026
Adriana del Ré,Dia do Rock: programação,Cultura e Lazer,12/07/2026
Cláudio Marques,Médicos Sem Fronteiras,Saúde e Bem Estar,12/07/2026
Fabiana Holtz,Compensa contribuir por fora para aumentar o valor final da aposentadoria?,Dinheiro,14/07/2026
,,,
Marcel Naves,Candidaturas nanicas,Cidadania e Direitos,14/07/2026
Marcel Naves,Relembre nanicos famosos,Cidadania e Direitos,14/07/2026
Bianca Bibiano,Especial INSS,Saúde e Bem Estar,15/07/2026
,,,
Emanuele Almeida,Julho amarelo - hepatites,Saúde e Bem Estar,15/07/2026
Emanuele Almeida,,Saúde e Bem Estar,15/07/2026
Paula Bulka Durães,Webdocs,Cidadania e Direitos,15/07/2026
Cláudio Marques,Concursos Públicos 50+,Carreira e Educação,16/07/2026
Fabiana Holtz,"1º Fórum da Longevidade - Impactos no mercado e na economia (16/07 - quinta: 8h30-13h)  Com Bárbara
",Dinheiro,16/07/2026
Alexandre Barreto,Médicos/Más Notícias,,17/07/2026
Bianca Bibiano,Senior Living,Estilo de Vida,17/07/2026
Bárbara Ferreira,Memoria afetiva com Copa do Mundo - personagens,,18/07/2026
Emanuele Almeida,Dia do Cérebro,Saúde e Bem Estar,22/07/2026
,,,
,,,
,,,
Paula Bulka Durães,Metade da população idosa é PCD,Cidadania e Direitos,31/07/2026
Paula Bulka Durães,Curatela,Cidadania e Direitos,31/07/2026
Paula Bulka Durães,Mobilidade/Idosos,Cidadania e Direitos,31/07/2026
,,,
,,,
,,,
,,,
,,,
,,,
,,,
,,,
,,,
,,,
,,,
,,,
,,,
,,,
,,,
,,,
,,,
,,,
,,,
,,,
,,,
,,,
,,,
,,,
,,,
,,,
,,,
,,,
,,,
,,,
,,,
,,,
,,,
,,,
,,,
,,,
,,,
,,,
,,,
,,,
,,,
,,,
,,,
Emanuele Almeida,Dia do rock - música tratamento de avc,Saúde e Bem Estar,13/07/2026
,,,
,,,
,,,
,,,
,,,
,,,
,,,
,,,
,,,
,,,
,,,
,,,
,,,
,,,
,,,
,,,
,,,
,,,
,,,
,,,
,,,
,,,
,,,
,,,
,,,
,,,
,,,
,,,
,,,
,,,
,,,
,,,
,,,
,,,
,,,
,,,
,,,
,,,
,,,
,,,
,,,
,,,
,,,
,,,
,,,
,,,
,,,
,,,
,,,
,,,
,,,
,,,
,,,
,,,
,,,
,,,
,,,
,,,
,,,
,,,
,,,
,,,
,,,
,,,
,,,
,,,
,,,
,,,
,,,
,,,
,,,
,,,
,,,
,,,
,,,
,,,
,,,
,,,
,,,
,,,
,,,
,,,
,,,
,,,
,,,
,,,
,,,
,,,
,,,
,,,
,,,
,,,
,,,
,,,
,,,
,,,
,,,
,,,
,,,
,,,
,,,
,,,
,,,
,,,
,,,
,,,
,,,
,,,
,,,
,,,
,,,
,,,
,,,
,,,
,,,
,,,
,,,
,,,
,,,
,,,
,,,
,,,
,,,
,,,
,,,
,,,
,,,
,,,
,,,
,,,
,,,
,,,
,,,
,,,
,,,
,,,
,,,
,,,
,,,
,,,
,,,
,,,
,,,
,,,
,,,
,,,
,,,
,,,
,,,
,,,
,,,
,,,
,,,
,,,
,,,
,,,
,,,
,,,
,,,
,,,
,,,
,,,
,,,
,,,
,,,
,,,
,,,
,,,
,,,
,,,
,,,
,,,
,,,
,,,
,,,
,,,
,,,
,,,
,,,
,,,
,,,
,,,
,,,
,,,
,,,
,,,
,,,
,,,
,,,
,,,
,,,
,,,
,,,
,,,
,,,
,,,
,,,
,,,
,,,
,,,
,,,
,,,
,,,
,,,
,,,
,,,
,,,
,,,
,,,
,,,
,,,
,,,
,,,
,,,
,,,
,,,
,,,
,,,
,,,
,,,
,,,
,,,
,,,
,,,
,,,
,,,
,,,
,,,
,,,
,,,
,,,
,,,
,,,
,,,
,,,
,,,
,,,
,,,
,,,
,,,
,,,
,,,
,,,
,,,
,,,
,,,
,,,
,,,
,,,
,,,
,,,
,,,
,,,
,,,
,,,
,,,
,,,
,,,
,,,
,,,
,,,
,,,
,,,
,,,
,,,
,,,
,,,
,,,
,,,
,,,
,,,
,,,
,,,
,,,
,,,
,,,
,,,
,,,
,,,
,,,
,,,
,,,
,,,
,,,
,,,
,,,
,,,
,,,
,,,
,,,
,,,
,,,
,,,
,,,
,,,
,,,
,,,
,,,
,,,
,,,
,,,
,,,
,,,
,,,
,,,
,,,
,,,
,,,
,,,
,,,
,,,
,,,
,,,
,,,
,,,
,,,
,,,
,,,
,,,
,,,
,,,
,,,
,,,
,,,
,,,
,,,
,,,
,,,
,,,
,,,
,,,
,,,
,,,
,,,
,,,
,,,
,,,
,,,
,,,
,,,
,,,
,,,
,,,
,,,
,,,
,,,
,,,
,,,
,,,
,,,
,,,
,,,
,,,
,,,
,,,
,,,
,,,
,,,
,,,
,,,
,,,
,,,
,,,
,,,
,,,
,,,
,,,
,,,
,,,
,,,
,,,
,,,
,,,
,,,
,,,
,,,
,,,
,,,
,,,
,,,
,,,
,,,
,,,
,,,
,,,
,,,
,,,
,,,
,,,
,,,
,,,
,,,
,,,
,,,
,,,
,,,
,,,
,,,
,,,
,,,
,,,
,,,
,,,
,,,
,,,
,,,
,,,
,,,
,,,
,,,
,,,
,,,
,,,
,,,
,,,
,,,
,,,
,,,
,,,
,,,
,,,
,,,
,,,
,,,
,,,
,,,
,,,
,,,
,,,
,,,
,,,
,,,
,,,
,,,
,,,
,,,
,,,
,,,
,,,
,,,
,,,
,,,
,,,
,,,
,,,
,,,
,,,
,,,
,,,
,,,
,,,
,,,
,,,
,,,
,,,
,,,
,,,
,,,
,,,
,,,
,,,
,,,
,,,
,,,
,,,
,,,
,,,
,,,
,,,
,,,
,,,
,,,
,,,
,,,
,,,
,,,
,,,
,,,
,,,
,,,
,,,
,,,
,,,
,,,
,,,
,,,
,,,
,,,
,,,
,,,
,,,
,,,
,,,
,,,
,,,
,,,
,,,
,,,
,,,
,,,
,,,
,,,
,,,
,,,
,,,
,,,
,,,
,,,
,,,
,,,
,,,
,,,
,,,
,,,
,,,
,,,
,,,
,,,
,,,
,,,
,,,
,,,
,,,
,,,
,,,
,,,
,,,
,,,
,,,
,,,
,,,
,,,
,,,
,,,
,,,
,,,
,,,
,,,
,,,
,,,
,,,
,,,
,,,
,,,
,,,
,,,
,,,
,,,
,,,
,,,
,,,
,,,
,,,
,,,
,,,
,,,
,,,
,,,
,,,
,,,
,,,
,,,
,,,
,,,
,,,
,,,
,,,
,,,
,,,
,,,
,,,
,,,
,,,
,,,
,,,
,,,
,,,
,,,
,,,
,,,
,,,
,,,
,,,
,,,
,,,
,,,
,,,
,,,
,,,
,,,
,,,
,,,
,,,
,,,
,,,
,,,
,,,
,,,
,,,
,,,
,,,
,,,
,,,
,,,
,,,
,,,
,,,
,,,
,,,
,,,
,,,
,,,
,,,
,,,
,,,
,,,
,,,
,,,
,,,
,,,
,,,
,,,
,,,
,,,
,,,
,,,
,,,
,,,
,,,
,,,
,,,
,,,
,,,
,,,
,,,
,,,
,,,
,,,
,,,
,,,
,,,
,,,
,,,
,,,
,,,
,,,
,,,
,,,
,,,
,,,
,,,
,,,
,,,
,,,
,,,
,,,
,,,
,,,
,,,
,,,
,,,
,,,
,,,
,,,
,,,
,,,
,,,
,,,
,,,
,,,
,,,
,,,
,,,
,,,
,,,
,,,
,,,
,,,
,,,
,,,
,,,
,,,
,,,
,,,
,,,
,,,
,,,
,,,
,,,
,,,
,,,
,,,
,,,
,,,
,,,
,,,
,,,
,,,
,,,
,,,
,,,
,,,
,,,
,,,
,,,
,,,
,,,
,,,
,,,
,,,
,,,
,,,
,,,
,,,
,,,
,,,
,,,
,,,
,,,
,,,
,,,
,,,
,,,
,,,
,,,
,,,
,,,
,,,
,,,
,,,
,,,
,,,
,,,
,,,
,,,
,,,
,,,
,,,
,,,
,,,
,,,
,,,
,,,
,,,
,,,
,,,
,,,
,,,
,,,
,,,
,,,
,,,
,,,
,,,
,,,
,,,
,,,
,,,
,,,
,,,
,,,
,,,
,,,
,,,
,,,
,,,
,,,
,,,
,,,
,,,
,,,
,,,
,,,
,,,
,,,
,,,
,,,
,,,
,,,
,,,
,,,
,,,
,,,
,,,
,,,
,,,
,,,
,,,
,,,
,,,
,,,
,,,
,,,
,,,
,,,
,,,
,,,
,,,
,,,
,,,
,,,
,,,
,,,
,,,
,,,
,,,
,,,
,,,
,,,
,,,
,,,
,,,
,,,
,,,
,,,
,,,
,,,
,,,
,,,
,,,
,,,
,,,
,,,
,,,
,,,
,,,
,,,
,,,
,,,
,,,
,,,
,,,
,,,
,,,
,,,
,,,
,,,
,,,
,,,
,,,
,,,
,,,
,,,
,,,
,,,
,,,
,,,
,,,
,,,
,,,
,,,
,,,
,,,
,,,
,,,
,,,
,,,
,,,
,,,
,,,
,,,
,,,
,,,
,,,
,,,
,,,
,,,
,,,
,,,
,,,
,,,
,,,
,,,
,,,
,,,
,,,
,,,
,,,
,,,
,,,
,,,
,,,
,,,
,,,
,,,
,,,
,,,
,,,
,,,
,,,
,,,
,,,
,,,
,,,
,,,
,,,
,,,
,,,
,,,
,,,
,,,
,,,
,,,
,,,
,,,
,,,
,,,
,,,
,,,
,,,
,,,
,,,
,,,
,,,
,,,
,,,
,,,
,,,
,,,
,,,
,,,
,,,
,,,
,,,
,,,
,,,
,,,
,,,
,,,
,,,
,,,
,,,
,,,
,,,
,,,
,,,
,,,
,,,
,,,
,,,
,,,
,,,
,,,
,,,
,,,
,,,
,,,
,,,
,,,
,,,
,,,
,,,
,,,
,,,
,,,
,,,
,,,
,,,
,,,
,,,
,,,
,,,
,,,
,,,
,,,
,,,
,,,
,,,
,,,
,,,
,,,
,,,
,,,
,,,
,,,
,,,
,,,
,,,
,,,
,,,
,,,
,,,
,,,
,,,
,,,
,,,
,,,
,,,
,,,
,,,
,,,
,,,
,,,
,,,
,,,
,,,
,,,
,,,
,,,
,,,
,,,
,,,
,,,
,,,
,,,
,,,
,,,
,,,
,,,
,,,
,,,
,,,
,,,
,,,
,,,
,,,
,,,
,,,
,,,
,,,
,,,
,,,
,,,
,,,
,,,
,,,
,,,
,,,
,,,
,,,
,,,
,,,
,,,
,,,
,,,
,,,
,,,
,,,
,,,
,,,
,,,
,,,
,,,
,,,
,,,
,,,
,,,
,,,
,,,
,,,
,,,
,,,
,,,
,,,
,,,
,,,
,,,
,,,
,,,
,,,
,,,
,,,
,,,
,,,
,,,
,,,
,,,
,,,
,,,
,,,
,,,
,,,
,,,
,,,
,,,
,,,
,,,
,,,
,,,
,,,
,,,
,,,
,,,
,,,
,,,
,,,
,,,
,,,
,,,
,,,
,,,
,,,
,,,
,,,
,,,
,,,
,,,
,,,
,,,
,,,
,,,
,,,
,,,
,,,
,,,
,,,
,,,
,,,
,,,
,,,
,,,
,,,
,,,
,,,
,,,
,,,
,,,
,,,
,,,
,,,
,,,
,,,
,,,
,,,
,,,
,,,
,,,
,,,
,,,
,,,
,,,
,,,
,,,
,,,
,,,
,,,
,,,
,,,
,,,
,,,
,,,
,,,
,,,
,,,
,,,
,,,
,,,
,,,
,,,
,,,
,,,
,,,
,,,
,,,
,,,
,,,
,,,
,,,
,,,
,,,
,,,
,,,
,,,
,,,
,,,
,,,
,,,
,,,
,,,
,,,
,,,
,,,
,,,
,,,
,,,
,,,
,,,
,,,
,,,
,,,
,,,
,,,
,,,
,,,
,,,
,,,
,,,
,,,
,,,
,,,
,,,
,,,
,,,
,,,
,,,
,,,
,,,
,,,
,,,
,,,
,,,
,,,
,,,
,,,
,,,
,,,
,,,
,,,
,,,
,,,
,,,
,,,
,,,
,,,
,,,
,,,
,,,
,,,
,,,
,,,
,,,
,,,
,,,
,,,
,,,
,,,
,,,
,,,
,,,
,,,
,,,
,,,
,,,
,,,
,,,
,,,
,,,
,,,
,,,
Pedro Marques,Entrevista Fábio Giambiagi,Dinheiro,13/07/2026